,model_name,testing_accuracy
0,NotPineapple_LeNet_25x25,0.8855421686746988
0,NotPineapple_LeNet_50x50,0.9939759036144579
0,NotPineapple_LeNet_100x100,0.9728915662650602
0,NotPineapple_FullConn_25x25,0.8493975903614458
0,NotPineapple_FullConn_50x50,0.8102409638554217
0,NotPineapple_FullConn_100x100,0.4819277108433735
0,NotPineapple_CustomConv_25x25,0.7379518072289156
0,NotPineapple_CustomConv_50x50,0.9668674698795181
0,NotPineapple_CustomConv_100x100,0.5
