,model_name,testing_accuracy
0,NotPineapple_LeNet_25x25,0.8885542168674698
0,NotPineapple_LeNet_50x50,1.0
0,NotPineapple_LeNet_100x100,0.9879518072289156
0,NotPineapple_FullConn_25x25,0.7801204819277109
0,NotPineapple_FullConn_50x50,0.5542168674698795
0,NotPineapple_FullConn_100x100,0.5
0,NotPineapple_CustomConv_25x25,0.8042168674698795
0,NotPineapple_CustomConv_50x50,0.8072289156626506
0,NotPineapple_CustomConv_100x100,0.9066265060240963
